episode_number,vid,run_id,ok,error
1,v25dcbgm0018dafcmnitgd63s5692mig,,false,"InvalidActionOrVersion: Could not find operation StartWorkflow for version 2020-01-01"
2,v25dcbgm0018dafcmnitgd61dnl15lp0,,false,"InvalidActionOrVersion: Could not find operation StartWorkflow for version 2020-01-01"
3,v25dcbgm0018dafcmnitgd61dnl15log,,false,"InvalidActionOrVersion: Could not find operation StartWorkflow for version 2020-01-01"
4,v18dcbgm0018dafcmnitgd6757uf248g,,false,"InvalidActionOrVersion: Could not find operation StartWorkflow for version 2020-01-01"
5,v18dcbgm0018dafcmnitgd6757uf2490,,false,"InvalidActionOrVersion: Could not find operation StartWorkflow for version 2020-01-01"
6,v18dcbgm0018dafcmnitgd6e28ns2k10,,false,"InvalidActionOrVersion: Could not find operation StartWorkflow for version 2020-01-01"
7,v25dcbgm0018dafcmnitgd6d63gdkn3g,,false,"InvalidActionOrVersion: Could not find operation StartWorkflow for version 2020-01-01"
8,v25dcbgm0018dafcmnitgd65q2qaa0eg,,false,"InvalidActionOrVersion: Could not find operation StartWorkflow for version 2020-01-01"
9,v18dcbgm0018dafcmnitgd6e28ns2k0g,,false,"InvalidActionOrVersion: Could not find operation StartWorkflow for version 2020-01-01"
10,v18dcbgm0018dafcmnqtgd6757uf249g,,false,"InvalidActionOrVersion: Could not find operation StartWorkflow for version 2020-01-01"
11,v25dcbgm0018dafcnbqtgd65dn399cng,,false,"InvalidActionOrVersion: Could not find operation StartWorkflow for version 2020-01-01"
12,v18dcbgm0018dafcncatgd66kpea4p90,,false,"InvalidActionOrVersion: Could not find operation StartWorkflow for version 2020-01-01"
13,v25dcbgm0018dafcncitgd6do6vkgqsg,,false,"InvalidActionOrVersion: Could not find operation StartWorkflow for version 2020-01-01"
14,v18dcbgm0018dafcncqtgd66kpea4p9g,,false,"InvalidActionOrVersion: Could not find operation StartWorkflow for version 2020-01-01"
15,v25dcbgm0018dafcniatgd65dn399cqg,,false,"InvalidActionOrVersion: Could not find operation StartWorkflow for version 2020-01-01"
16,v25dcbgm0018dafcnlitgd61dnl15m50,,false,"InvalidActionOrVersion: Could not find operation StartWorkflow for version 2020-01-01"
17,v25dcbgm0018dafcnn2tgd61fgs46je0,,false,"InvalidActionOrVersion: Could not find operation StartWorkflow for version 2020-01-01"
18,v18dcbgm0018dafcnsitgd66kpea4pb0,,false,"InvalidActionOrVersion: Could not find operation StartWorkflow for version 2020-01-01"
19,v18dcbgm0018dafcntqtgd6757uf24dg,,false,"InvalidActionOrVersion: Could not find operation StartWorkflow for version 2020-01-01"
20,v25dcbgm0018dafco0atgd65q2qaa0r0,,false,"InvalidActionOrVersion: Could not find operation StartWorkflow for version 2020-01-01"
21,v25dcbgm0018dafco2atgd63s5692n20,,false,"InvalidActionOrVersion: Could not find operation StartWorkflow for version 2020-01-01"
22,v25dcbgm0018dafco2atgd65dn399crg,,false,"InvalidActionOrVersion: Could not find operation StartWorkflow for version 2020-01-01"
23,v18dcbgm0018dafco8atgd67ndvdpdfg,,false,"InvalidActionOrVersion: Could not find operation StartWorkflow for version 2020-01-01"
24,v25dcbgm0018dafco8atgd63s5692n3g,,false,"InvalidActionOrVersion: Could not find operation StartWorkflow for version 2020-01-01"
25,v18dcbgm0018dafcoaqtgd66kpea4pc0,,false,"InvalidActionOrVersion: Could not find operation StartWorkflow for version 2020-01-01"
26,v18dcbgm0018dafcoaqtgd6fjbq7jcjg,,false,"InvalidActionOrVersion: Could not find operation StartWorkflow for version 2020-01-01"
27,v25dcbgm0018dafcoc2tgd61fgs46jl0,,false,"InvalidActionOrVersion: Could not find operation StartWorkflow for version 2020-01-01"
28,v18dcbgm0018dafcogitgd62eii04frg,,false,"InvalidActionOrVersion: Could not find operation StartWorkflow for version 2020-01-01"
29,v25dcbgm0018dafcolitgd6ci8nnbqhg,,false,"InvalidActionOrVersion: Could not find operation StartWorkflow for version 2020-01-01"
30,v25dcbgm0018dafconitgd6do6vkgrb0,,false,"InvalidActionOrVersion: Could not find operation StartWorkflow for version 2020-01-01"
31,v25dcbgm0018dafcooitgd63s5692n60,,false,"InvalidActionOrVersion: Could not find operation StartWorkflow for version 2020-01-01"
32,v25dcbgm0018dafcooqtgd68fvq3as0g,,false,"InvalidActionOrVersion: Could not find operation StartWorkflow for version 2020-01-01"
33,v18dcbgm0018dafcooqtgd67ndvdpdgg,,false,"InvalidActionOrVersion: Could not find operation StartWorkflow for version 2020-01-01"
34,v18dcbgm0018dafcotatgd6b5a5iv7s0,,false,"InvalidActionOrVersion: Could not find operation StartWorkflow for version 2020-01-01"
35,v25dcbgm0018dafcouitgd6do6vkgrcg,,false,"InvalidActionOrVersion: Could not find operation StartWorkflow for version 2020-01-01"
36,v18dcbgm0018dafcovatgd62eii04fs0,,false,"InvalidActionOrVersion: Could not find operation StartWorkflow for version 2020-01-01"
37,v25dcbgm0018dafcovqtgd65q2qaa140,,false,"InvalidActionOrVersion: Could not find operation StartWorkflow for version 2020-01-01"
38,v18dcbgm0018dafcp1qtgd6e28ns2k6g,,false,"InvalidActionOrVersion: Could not find operation StartWorkflow for version 2020-01-01"
39,v25dcbgm0018dafcp3itgd65q2qaa15g,,false,"InvalidActionOrVersion: Could not find operation StartWorkflow for version 2020-01-01"
40,v18dcbgm0018dafcp6itgd6757uf24g0,,false,"InvalidActionOrVersion: Could not find operation StartWorkflow for version 2020-01-01"
41,v25dcbgm0018dafcpaqtgd6ci8nnbqk0,,false,"InvalidActionOrVersion: Could not find operation StartWorkflow for version 2020-01-01"
42,v25dcbgm0018dafcpdatgd63s5692nb0,,false,"InvalidActionOrVersion: Could not find operation StartWorkflow for version 2020-01-01"
43,v18dcbgm0018dafcpgatgd6b5a5iv7u0,,false,"InvalidActionOrVersion: Could not find operation StartWorkflow for version 2020-01-01"
44,v25dcbgm0018dafcplatgd65q2qaa18g,,false,"InvalidActionOrVersion: Could not find operation StartWorkflow for version 2020-01-01"
45,v25dcbgm0018dafcpnatgd61dnl15mi0,,false,"InvalidActionOrVersion: Could not find operation StartWorkflow for version 2020-01-01"
